<?xml version="1.0" encoding="UTF-8"?>
<beans xmlns="http://www.springframework.org/schema/beans"
	xmlns:xsi="http://www.w3.org/2001/XMLSchema-instance"
	xmlns:context="http://www.springframework.org/schema/context"
	xmlns:p="http://www.springframework.org/schema/p"
	xmlns:tx="http://www.springframework.org/schema/tx"
	xmlns:mvc="http://www.springframework.org/schema/mvc"
	xsi:schemaLocation="http://www.springframework.org/schema/beans
    http://www.springframework.org/schema/beans/spring-beans.xsd
    http://www.springframework.org/schema/context
    http://www.springframework.org/schema/context/spring-context.xsd 
     http://www.springframework.org/schema/tx
    http://www.springframework.org/schema/tx/spring-tx.xsd  
     http://www.springframework.org/schema/mvc
    http://www.springframework.org/schema/mvc/spring-mvc.xsd   
    ">

	<context:component-scan
		base-package="springmvcsearch" />


	<mvc:annotation-driven />


	<mvc:resources location="/WEB-INF/resources/"
		mapping="/resources/**" />



	<bean
		class="org.springframework.web.servlet.view.InternalResourceViewResolver"
		name="viewResolver">
		<property name="prefix" value="/WEB-INF/views/" />
		<property name="suffix" value=".jsp"></property>
	</bean>
	
	<!-- configuring multipart resolver -->

	<bean name="multipartResolver"
		class="org.springframework.web.multipart.commons.CommonsMultipartResolver" >
		
		
		</bean>




</beans>